submission #,topic
1,Knowledge Representation Languages
1,Decision and Utility Theory
2,Mining Codebase and Software Repositories
2,Commonsense Reasoning
3,Distributed Problem Solving
3,Online Learning and Bandits
4,Machine Learning for NLP
4,Heuristic Search
4,Data Stream Mining
4,Data Compression
4,Classical Planning
5,Randomised Algorithms
5,User Experience and Usability
5,Mining Semi-Structured Data
6,Data Compression
6,Privacy-Aware Machine Learning
6,Deep Neural Network Algorithms
7,"Continual, Online, and Real-Time Planning"
7,Relational Learning
7,Knowledge Acquisition and Representation for Planning
7,Text Mining
7,Adversarial Attacks on NLP Systems
8,Satisfiability Modulo Theories
8,Machine Ethics
8,Behaviour Learning and Control for Robotics
8,Human-Robot/Agent Interaction
8,Philosophy and Ethics
9,Reasoning about Knowledge and Beliefs
9,Multimodal Perception and Sensor Fusion
9,"Linguistic Theories, Cognitive Modelling, and Psycholinguistics"
9,"Transfer, Domain Adaptation, and Multi-Task Learning"
10,Learning Human Values and Preferences
10,Representation Learning for Computer Vision
10,Probabilistic Programming
11,Adversarial Attacks on NLP Systems
11,Reasoning about Knowledge and Beliefs
11,Internet of Things
12,"Geometric, Spatial, and Temporal Reasoning"
12,Medical and Biological Imaging
12,Qualitative Reasoning
12,Mining Codebase and Software Repositories
12,Evolutionary Learning
13,Qualitative Reasoning
13,"Constraints, Data Mining, and Machine Learning"
13,Satisfiability Modulo Theories
14,Biometrics
14,Computational Social Choice
14,Scene Analysis and Understanding
15,Explainability in Computer Vision
15,Environmental Impacts of AI
16,Meta-Learning
16,Morality and Value-Based AI
17,Reasoning about Action and Change
17,Computer Vision Theory
17,Learning Preferences or Rankings
18,Agent-Based Simulation and Complex Systems
18,Philosophical Foundations of AI
18,Language and Vision
18,Mobility
19,Learning Theory
19,Privacy and Security
19,Standards and Certification
19,Deep Neural Network Architectures
20,Ontologies
20,Description Logics
20,Reinforcement Learning Algorithms
21,Hardware
21,Autonomous Driving
21,Heuristic Search
22,3D Computer Vision
22,Software Engineering
22,Object Detection and Categorisation
22,Bioinformatics
23,Stochastic Optimisation
23,Sequential Decision Making
24,Ontologies
24,Mechanism Design
24,Other Topics in Uncertainty in AI
25,Internet of Things
25,Computer-Aided Education
25,Semi-Supervised Learning
25,Stochastic Optimisation
26,Constraint Programming
26,Dynamic Programming
27,Dynamic Programming
27,"Energy, Environment, and Sustainability"
27,Web and Network Science
28,Mining Semi-Structured Data
28,Transparency
29,Classical Planning
29,Machine Learning for Computer Vision
30,Routing
30,Smart Cities and Urban Planning
30,Inductive and Co-Inductive Logic Programming
30,Databases
31,Marketing
31,Quantum Machine Learning
31,Image and Video Generation
31,Human-Computer Interaction
31,Constraint Optimisation
32,Visual Reasoning and Symbolic Representation
32,Logic Foundations
33,Non-Monotonic Reasoning
33,Lexical Semantics
33,Graphical Models
33,"Face, Gesture, and Pose Recognition"
34,Answer Set Programming
34,Case-Based Reasoning
34,Other Topics in Computer Vision
34,Decision and Utility Theory
34,Consciousness and Philosophy of Mind
35,Planning and Machine Learning
35,Approximate Inference
35,Qualitative Reasoning
35,Multilingualism and Linguistic Diversity
35,Distributed Problem Solving
36,Time-Series and Data Streams
36,"Phonology, Morphology, and Word Segmentation"
36,Text Mining
36,Learning Human Values and Preferences
37,"Graph Mining, Social Network Analysis, and Community Mining"
37,"Energy, Environment, and Sustainability"
37,Scheduling
37,Autonomous Driving
37,Clustering
38,Other Topics in Uncertainty in AI
38,Representation Learning for Computer Vision
39,Artificial Life
39,"AI in Law, Justice, Regulation, and Governance"
39,Arts and Creativity
39,3D Computer Vision
39,Deep Reinforcement Learning
40,Planning and Decision Support for Human-Machine Teams
40,Preferences
40,Information Retrieval
40,Image and Video Generation
41,Evaluation and Analysis in Machine Learning
41,Reinforcement Learning with Human Feedback
41,"Graph Mining, Social Network Analysis, and Community Mining"
41,Efficient Methods for Machine Learning
41,Privacy-Aware Machine Learning
42,Sentence-Level Semantics and Textual Inference
42,Neuroscience
42,Image and Video Generation
43,Reinforcement Learning Algorithms
43,Planning and Decision Support for Human-Machine Teams
44,Philosophical Foundations of AI
44,Agent Theories and Models
44,Active Learning
44,Unsupervised and Self-Supervised Learning
44,Combinatorial Search and Optimisation
45,Philosophical Foundations of AI
45,Human-Robot/Agent Interaction
45,"Model Adaptation, Compression, and Distillation"
46,Aerospace
46,Other Topics in Natural Language Processing
46,Video Understanding and Activity Analysis
46,Knowledge Representation Languages
47,Computer-Aided Education
47,Adversarial Search
47,Sequential Decision Making
47,Marketing
48,Reasoning about Action and Change
48,Graph-Based Machine Learning
48,Reinforcement Learning Algorithms
48,Agent Theories and Models
49,Marketing
49,"Localisation, Mapping, and Navigation"
49,Syntax and Parsing
50,"Communication, Coordination, and Collaboration"
50,Ontologies
50,Privacy in Data Mining
51,User Modelling and Personalisation
51,Learning Preferences or Rankings
52,Fairness and Bias
52,Cognitive Robotics
52,NLP Resources and Evaluation
53,Semantic Web
53,Trust
54,Reinforcement Learning with Human Feedback
54,Consciousness and Philosophy of Mind
54,Federated Learning
55,Other Topics in Constraints and Satisfiability
55,Verification
55,Engineering Multiagent Systems
55,Clustering
55,Causality
56,Adversarial Attacks on CV Systems
56,Human-Machine Interaction Techniques and Devices
56,Fairness and Bias
56,Partially Observable and Unobservable Domains
56,"Transfer, Domain Adaptation, and Multi-Task Learning"
57,Argumentation
57,Optimisation for Robotics
57,Intelligent Database Systems
57,"Face, Gesture, and Pose Recognition"
57,Learning Human Values and Preferences
58,Mining Spatial and Temporal Data
58,Semi-Supervised Learning
59,Automated Reasoning and Theorem Proving
59,Safety and Robustness
60,Software Engineering
60,Computer Games
61,Constraint Optimisation
61,Robot Rights
61,Economics and Finance
62,Neuro-Symbolic Methods
62,Economics and Finance
62,Human Computation and Crowdsourcing
63,Unsupervised and Self-Supervised Learning
63,Blockchain Technology
63,News and Media
63,Evaluation and Analysis in Machine Learning
64,Multilingualism and Linguistic Diversity
64,Safety and Robustness
65,"Face, Gesture, and Pose Recognition"
65,Smart Cities and Urban Planning
65,Cognitive Modelling
66,Computer Games
66,Deep Neural Network Algorithms
66,Scheduling
67,Quantum Machine Learning
67,Explainability in Computer Vision
68,Physical Sciences
68,"Graph Mining, Social Network Analysis, and Community Mining"
68,"Understanding People: Theories, Concepts, and Methods"
68,Graphical Models
68,Lifelong and Continual Learning
69,Interpretability and Analysis of NLP Models
69,Heuristic Search
69,Robot Manipulation
69,Local Search
69,Human-Machine Interaction Techniques and Devices
70,Quantum Computing
70,Evolutionary Learning
70,Discourse and Pragmatics
70,Computer Games
70,Human-Aware Planning
71,Computer-Aided Education
71,"Graph Mining, Social Network Analysis, and Community Mining"
71,Scene Analysis and Understanding
72,Visual Reasoning and Symbolic Representation
72,Sentence-Level Semantics and Textual Inference
72,Distributed Problem Solving
73,Machine Translation
73,Other Multidisciplinary Topics
74,Ontologies
74,"Belief Revision, Update, and Merging"
74,Conversational AI and Dialogue Systems
74,Case-Based Reasoning
75,Scalability of Machine Learning Systems
75,Mining Semi-Structured Data
75,Adversarial Search
75,"Segmentation, Grouping, and Shape Analysis"
75,Conversational AI and Dialogue Systems
76,Artificial Life
76,Ensemble Methods
76,Answer Set Programming
76,"Mining Visual, Multimedia, and Multimodal Data"
76,Argumentation
77,Constraint Learning and Acquisition
77,Fairness and Bias
77,Adversarial Attacks on CV Systems
77,Voting Theory
77,Fair Division
78,Kernel Methods
78,"Localisation, Mapping, and Navigation"
78,Classical Planning
78,Text Mining
78,Human-Aware Planning and Behaviour Prediction
79,Summarisation
79,Other Topics in Planning and Search
79,Smart Cities and Urban Planning
80,3D Computer Vision
80,Other Topics in Machine Learning
80,Multimodal Perception and Sensor Fusion
80,Graphical Models
80,Dimensionality Reduction/Feature Selection
81,Fair Division
81,Causal Learning
81,Evaluation and Analysis in Machine Learning
82,Abductive Reasoning and Diagnosis
82,Quantum Computing
83,"Phonology, Morphology, and Word Segmentation"
83,Text Mining
84,Human-in-the-loop Systems
84,"Understanding People: Theories, Concepts, and Methods"
84,"Human-Computer Teamwork, Team Formation, and Collaboration"
84,3D Computer Vision
85,Data Stream Mining
85,Fairness and Bias
85,Human-Robot Interaction
85,Explainability and Interpretability in Machine Learning
86,Environmental Impacts of AI
86,Scalability of Machine Learning Systems
86,Data Visualisation and Summarisation
86,Search and Machine Learning
87,Philosophical Foundations of AI
87,Privacy-Aware Machine Learning
88,Satisfiability Modulo Theories
88,Interpretability and Analysis of NLP Models
89,Multi-Robot Systems
89,Agent-Based Simulation and Complex Systems
89,Visual Reasoning and Symbolic Representation
89,Local Search
89,Explainability and Interpretability in Machine Learning
90,Sports
90,Cognitive Science
90,Mobility
90,Arts and Creativity
91,"Sentiment Analysis, Stylistic Analysis, and Argument Mining"
91,Trust
92,Big Data and Scalability
92,Answer Set Programming
92,Quantum Computing
93,Responsible AI
93,Multiagent Learning
93,Graph-Based Machine Learning
93,Distributed CSP and Optimisation
94,Dynamic Programming
94,Biometrics
94,Explainability (outside Machine Learning)
94,Distributed CSP and Optimisation
94,Probabilistic Programming
95,Aerospace
95,Distributed Machine Learning
95,Big Data and Scalability
95,Knowledge Compilation
96,Marketing
96,Global Constraints
97,Learning Theory
97,Deep Neural Network Architectures
97,"AI in Law, Justice, Regulation, and Governance"
97,Human-Aware Planning and Behaviour Prediction
98,Other Topics in Computer Vision
98,Logic Foundations
99,Verification
99,Machine Ethics
99,Syntax and Parsing
100,Medical and Biological Imaging
100,Bioinformatics
100,Image and Video Generation
100,Fuzzy Sets and Systems
100,Sequential Decision Making
101,Bayesian Learning
101,Privacy and Security
101,"Other Topics Related to Fairness, Ethics, or Trust"
101,Scheduling
101,Description Logics
102,Abductive Reasoning and Diagnosis
102,Mixed Discrete/Continuous Planning
102,Robot Planning and Scheduling
102,Markov Decision Processes
103,Evolutionary Learning
103,Physical Sciences
103,Other Topics in Planning and Search
103,Genetic Algorithms
103,Arts and Creativity
104,Multimodal Perception and Sensor Fusion
104,Automated Learning and Hyperparameter Tuning
104,Image and Video Generation
104,Societal Impacts of AI
104,Accountability
105,Smart Cities and Urban Planning
105,Entertainment
105,Human Computation and Crowdsourcing
106,Case-Based Reasoning
106,Distributed Problem Solving
106,Learning Human Values and Preferences
107,Mining Codebase and Software Repositories
107,Databases
108,Automated Learning and Hyperparameter Tuning
108,User Modelling and Personalisation
108,Information Retrieval
109,"Mining Visual, Multimedia, and Multimodal Data"
109,Bayesian Networks
110,Adversarial Attacks on CV Systems
110,Machine Translation
111,"Constraints, Data Mining, and Machine Learning"
111,Behaviour Learning and Control for Robotics
111,Morality and Value-Based AI
111,Computer-Aided Education
111,Entertainment
112,Mining Codebase and Software Repositories
112,"Sentiment Analysis, Stylistic Analysis, and Argument Mining"
112,Global Constraints
112,Robot Rights
112,Case-Based Reasoning
113,Agent Theories and Models
113,Explainability and Interpretability in Machine Learning
114,Qualitative Reasoning
114,User Experience and Usability
114,Entertainment
115,Cognitive Science
115,Rule Mining and Pattern Mining
116,Other Topics in Humans and AI
116,Natural Language Generation
116,Ontology Induction from Text
116,Interpretability and Analysis of NLP Models
116,Description Logics
117,Recommender Systems
117,Meta-Learning
117,Web Search
117,AI for Social Good
117,Markov Decision Processes
118,Distributed Machine Learning
118,Verification
119,Relational Learning
119,User Experience and Usability
119,Information Retrieval
120,Intelligent Virtual Agents
120,"Transfer, Domain Adaptation, and Multi-Task Learning"
121,Inductive and Co-Inductive Logic Programming
121,"Localisation, Mapping, and Navigation"
121,Human-Robot/Agent Interaction
121,Privacy in Data Mining
122,"Localisation, Mapping, and Navigation"
122,Quantum Machine Learning
122,Behavioural Game Theory
122,Planning under Uncertainty
123,Computational Social Choice
123,Constraint Optimisation
123,Web and Network Science
123,User Modelling and Personalisation
123,Knowledge Graphs and Open Linked Data
124,Verification
124,"Geometric, Spatial, and Temporal Reasoning"
124,3D Computer Vision
124,Satisfiability
125,Artificial Life
125,Multi-Instance/Multi-View Learning
125,Video Understanding and Activity Analysis
125,Marketing
125,Explainability (outside Machine Learning)
126,Information Retrieval
126,Humanities
126,"Understanding People: Theories, Concepts, and Methods"
127,Constraint Programming
127,Entertainment
127,Argumentation
127,Knowledge Compilation
128,Commonsense Reasoning
128,Multiagent Learning
128,Non-Monotonic Reasoning
128,Machine Translation
128,Other Topics in Natural Language Processing
129,Graph-Based Machine Learning
129,Optimisation in Machine Learning
130,Spatial and Temporal Models of Uncertainty
130,Information Retrieval
130,Sports
130,"Human-Computer Teamwork, Team Formation, and Collaboration"
131,Abductive Reasoning and Diagnosis
131,Data Visualisation and Summarisation
132,Multi-Class/Multi-Label Learning and Extreme Classification
132,Syntax and Parsing
132,Unsupervised and Self-Supervised Learning
132,Economic Paradigms
132,Multiagent Learning
133,Vision and Language
133,Information Extraction
133,Lexical Semantics
134,Discourse and Pragmatics
134,Constraint Programming
134,Machine Ethics
134,Blockchain Technology
135,Internet of Things
135,Multimodal Perception and Sensor Fusion
135,Logic Foundations
136,Mining Semi-Structured Data
136,Knowledge Compilation
136,Transportation
136,Engineering Multiagent Systems
137,Fairness and Bias
137,3D Computer Vision
137,Mobility
138,Artificial Life
138,Learning Human Values and Preferences
138,"Mining Visual, Multimedia, and Multimodal Data"
138,Semi-Supervised Learning
139,Privacy-Aware Machine Learning
139,Neuroscience
139,Other Topics in Computer Vision
139,Multimodal Perception and Sensor Fusion
139,Stochastic Optimisation
140,Knowledge Acquisition
140,Sequential Decision Making
140,Economic Paradigms
140,Computer-Aided Education
140,Explainability in Computer Vision
141,Social Networks
141,Meta-Learning
141,Web Search
141,Machine Translation
142,Efficient Methods for Machine Learning
142,Other Topics in Uncertainty in AI
143,Medical and Biological Imaging
143,Philosophical Foundations of AI
144,Data Visualisation and Summarisation
144,Economics and Finance
144,Semantic Web
145,Mining Codebase and Software Repositories
145,Mobility
145,Web Search
145,Other Topics in Machine Learning
146,Text Mining
146,Large Language Models
146,Graph-Based Machine Learning
146,Local Search
147,Local Search
147,Deep Generative Models and Auto-Encoders
147,Active Learning
147,Causal Learning
148,Aerospace
148,Explainability and Interpretability in Machine Learning
148,Learning Preferences or Rankings
148,User Modelling and Personalisation
148,Global Constraints
149,Machine Learning for Computer Vision
149,Spatial and Temporal Models of Uncertainty
150,Decision and Utility Theory
150,"Continual, Online, and Real-Time Planning"
150,Mining Codebase and Software Repositories
150,Text Mining
150,Semantic Web
151,"Coordination, Organisations, Institutions, and Norms"
151,Constraint Optimisation
151,Bayesian Networks
152,Robot Rights
152,Interpretability and Analysis of NLP Models
152,Description Logics
152,Other Topics in Constraints and Satisfiability
152,Randomised Algorithms
153,"Plan Execution, Monitoring, and Repair"
153,Causal Learning
153,Ensemble Methods
153,Mobility
154,Human Computation and Crowdsourcing
154,"Belief Revision, Update, and Merging"
154,Cognitive Modelling
154,Multiagent Learning
155,Graph-Based Machine Learning
155,Probabilistic Modelling
156,Computational Social Choice
156,Video Understanding and Activity Analysis
156,Other Topics in Natural Language Processing
157,"Communication, Coordination, and Collaboration"
157,Personalisation and User Modelling
157,Markov Decision Processes
158,Unsupervised and Self-Supervised Learning
158,Medical and Biological Imaging
159,Human-in-the-loop Systems
159,Uncertainty Representations
160,Morality and Value-Based AI
160,Reinforcement Learning Algorithms
161,Humanities
161,Distributed Problem Solving
162,Smart Cities and Urban Planning
162,Education
162,Large Language Models
163,Distributed Problem Solving
163,Reinforcement Learning with Human Feedback
163,"AI in Law, Justice, Regulation, and Governance"
163,Anomaly/Outlier Detection
163,Mining Spatial and Temporal Data
164,Human-in-the-loop Systems
164,"Face, Gesture, and Pose Recognition"
164,Distributed Problem Solving
165,Visual Reasoning and Symbolic Representation
165,Explainability in Computer Vision
166,Deep Neural Network Architectures
166,Standards and Certification
166,"Linguistic Theories, Cognitive Modelling, and Psycholinguistics"
167,"Localisation, Mapping, and Navigation"
167,Intelligent Database Systems
167,Agent Theories and Models
167,Real-Time Systems
167,Learning Preferences or Rankings
168,"Geometric, Spatial, and Temporal Reasoning"
168,Explainability and Interpretability in Machine Learning
168,Automated Learning and Hyperparameter Tuning
168,Accountability
169,Unsupervised and Self-Supervised Learning
169,Local Search
169,Human-Aware Planning and Behaviour Prediction
169,Cognitive Robotics
169,Personalisation and User Modelling
170,Mining Spatial and Temporal Data
170,Responsible AI
171,Agent Theories and Models
171,Knowledge Acquisition and Representation for Planning
171,Digital Democracy
171,Standards and Certification
172,Other Multidisciplinary Topics
172,Speech and Multimodality
172,Deep Learning Theory
172,Scheduling
172,Mechanism Design
173,Relational Learning
173,"Continual, Online, and Real-Time Planning"
174,Planning and Machine Learning
174,"Linguistic Theories, Cognitive Modelling, and Psycholinguistics"
174,Intelligent Database Systems
175,Machine Learning for Robotics
175,Constraint Optimisation
175,Fairness and Bias
175,Evolutionary Learning
175,"Continual, Online, and Real-Time Planning"
176,Neuroscience
176,Computer Games
176,"Understanding People: Theories, Concepts, and Methods"
176,Human-Machine Interaction Techniques and Devices
177,Explainability and Interpretability in Machine Learning
177,Image and Video Retrieval
177,Language and Vision
177,Multiagent Planning
178,Behaviour Learning and Control for Robotics
178,Other Topics in Planning and Search
178,Human-Computer Interaction
178,Adversarial Search
179,Heuristic Search
179,Fairness and Bias
179,Commonsense Reasoning
180,Human-Robot/Agent Interaction
180,Artificial Life
180,Sequential Decision Making
180,Computer Vision Theory
180,Logic Programming
181,Databases
181,Bayesian Learning
181,Consciousness and Philosophy of Mind
181,Scene Analysis and Understanding
182,Mining Semi-Structured Data
182,Knowledge Graphs and Open Linked Data
182,Mining Heterogeneous Data
182,Reinforcement Learning with Human Feedback
183,Semantic Web
183,Lifelong and Continual Learning
183,Knowledge Acquisition and Representation for Planning
183,Heuristic Search
184,Multilingualism and Linguistic Diversity
184,Autonomous Driving
184,Human-Robot/Agent Interaction
184,Routing
184,Humanities
185,"Belief Revision, Update, and Merging"
185,Kernel Methods
185,Vision and Language
185,Health and Medicine
186,Learning Human Values and Preferences
186,Real-Time Systems
186,Conversational AI and Dialogue Systems
187,Voting Theory
187,Responsible AI
187,Real-Time Systems
187,Fuzzy Sets and Systems
187,Sentence-Level Semantics and Textual Inference
188,Machine Ethics
188,Web and Network Science
188,Mechanism Design
189,Uncertainty Representations
189,Classification and Regression
190,Learning Theory
190,Standards and Certification
191,Vision and Language
191,Environmental Impacts of AI
192,Deep Neural Network Algorithms
192,Privacy-Aware Machine Learning
192,Graphical Models
193,Multimodal Learning
193,Routing
194,Smart Cities and Urban Planning
194,Relational Learning
194,Mobility
194,Data Stream Mining
195,News and Media
195,Heuristic Search
195,Constraint Optimisation
196,Conversational AI and Dialogue Systems
196,Randomised Algorithms
197,"Conformant, Contingent, and Adversarial Planning"
197,Natural Language Generation
198,Information Retrieval
198,Large Language Models
198,Approximate Inference
198,Adversarial Learning and Robustness
199,Question Answering
199,Marketing
199,Accountability
199,Intelligent Database Systems
200,Search in Planning and Scheduling
200,Multi-Instance/Multi-View Learning
200,Mining Spatial and Temporal Data
200,Representation Learning for Computer Vision
201,Approximate Inference
201,Medical and Biological Imaging
202,"Constraints, Data Mining, and Machine Learning"
202,Multimodal Perception and Sensor Fusion
202,Online Learning and Bandits
202,Syntax and Parsing
202,Partially Observable and Unobservable Domains
203,"Energy, Environment, and Sustainability"
203,Syntax and Parsing
204,Constraint Optimisation
204,Robot Planning and Scheduling
204,Fair Division
204,Mining Heterogeneous Data
205,Combinatorial Search and Optimisation
205,Personalisation and User Modelling
205,Rule Mining and Pattern Mining
205,Trust
205,Optimisation in Machine Learning
206,Image and Video Retrieval
206,Causal Learning
206,Life Sciences
206,Probabilistic Modelling
207,Deep Neural Network Algorithms
207,"Mining Visual, Multimedia, and Multimodal Data"
208,Constraint Programming
208,Search and Machine Learning
208,Efficient Methods for Machine Learning
208,Relational Learning
209,Economic Paradigms
209,Databases
210,Internet of Things
210,Relational Learning
211,Genetic Algorithms
211,Reinforcement Learning Algorithms
211,Logic Foundations
211,Discourse and Pragmatics
211,Combinatorial Search and Optimisation
212,Aerospace
212,Uncertainty Representations
212,Classification and Regression
212,Knowledge Representation Languages
212,Behaviour Learning and Control for Robotics
213,Non-Probabilistic Models of Uncertainty
213,Environmental Impacts of AI
213,Physical Sciences
214,Scalability of Machine Learning Systems
214,"Face, Gesture, and Pose Recognition"
214,Blockchain Technology
215,Robot Planning and Scheduling
215,Standards and Certification
215,Vision and Language
216,Reinforcement Learning Theory
216,Responsible AI
216,Life Sciences
216,Big Data and Scalability
216,Privacy and Security
217,Scheduling
217,Qualitative Reasoning
218,Privacy-Aware Machine Learning
218,Distributed Machine Learning
218,Web and Network Science
218,Logic Foundations
218,Language and Vision
219,"Plan Execution, Monitoring, and Repair"
219,Explainability in Computer Vision
219,Mining Spatial and Temporal Data
219,Recommender Systems
220,"AI in Law, Justice, Regulation, and Governance"
220,Other Topics in Robotics
220,Classical Planning
220,Multi-Class/Multi-Label Learning and Extreme Classification
220,Machine Learning for Robotics
221,Machine Learning for Robotics
221,Information Retrieval
221,Randomised Algorithms
221,Human-Aware Planning
221,Mining Heterogeneous Data
222,Other Topics in Multiagent Systems
222,Sports
222,Neuro-Symbolic Methods
222,Human-in-the-loop Systems
222,NLP Resources and Evaluation
223,Cognitive Robotics
223,Syntax and Parsing
224,Privacy in Data Mining
224,Explainability in Computer Vision
224,Reinforcement Learning with Human Feedback
224,Philosophical Foundations of AI
224,Intelligent Virtual Agents
225,Multiagent Planning
225,Online Learning and Bandits
225,Kernel Methods
225,Satisfiability
226,Logic Programming
226,Knowledge Acquisition
226,Standards and Certification
227,Discourse and Pragmatics
227,Semantic Web
228,"Mining Visual, Multimedia, and Multimodal Data"
228,Bioinformatics
229,Unsupervised and Self-Supervised Learning
229,Partially Observable and Unobservable Domains
229,Information Extraction
230,Constraint Optimisation
230,Planning under Uncertainty
231,Federated Learning
231,Machine Learning for Robotics
231,"Continual, Online, and Real-Time Planning"
231,Satisfiability Modulo Theories
232,Multilingualism and Linguistic Diversity
232,"Transfer, Domain Adaptation, and Multi-Task Learning"
233,Online Learning and Bandits
233,"Belief Revision, Update, and Merging"
233,"Energy, Environment, and Sustainability"
233,Sentence-Level Semantics and Textual Inference
233,Other Topics in Planning and Search
234,Learning Human Values and Preferences
234,Multimodal Learning
234,Learning Theory
234,Partially Observable and Unobservable Domains
235,Robot Rights
235,Speech and Multimodality
236,Constraint Programming
236,Mechanism Design
236,Decision and Utility Theory
236,Visual Reasoning and Symbolic Representation
236,"Face, Gesture, and Pose Recognition"
237,"Conformant, Contingent, and Adversarial Planning"
237,Computer-Aided Education
238,"Constraints, Data Mining, and Machine Learning"
238,Cyber Security and Privacy
238,Other Topics in Natural Language Processing
238,Interpretability and Analysis of NLP Models
239,Morality and Value-Based AI
239,Machine Ethics
239,Logic Foundations
240,Learning Human Values and Preferences
240,Fair Division
240,Other Topics in Planning and Search
240,Uncertainty Representations
241,"Belief Revision, Update, and Merging"
241,Causal Learning
241,Scene Analysis and Understanding
242,Learning Theory
242,Robot Rights
243,Decision and Utility Theory
243,Life Sciences
243,Multiagent Planning
244,Engineering Multiagent Systems
244,Graphical Models
245,Decision and Utility Theory
245,Conversational AI and Dialogue Systems
245,Human-Robot/Agent Interaction
246,Knowledge Representation Languages
246,Machine Translation
247,Approximate Inference
247,Recommender Systems
248,Learning Preferences or Rankings
248,Swarm Intelligence
249,Arts and Creativity
249,Markov Decision Processes
249,Activity and Plan Recognition
249,Local Search
250,"Belief Revision, Update, and Merging"
250,Explainability (outside Machine Learning)
250,Multi-Robot Systems
250,Agent-Based Simulation and Complex Systems
251,Deep Neural Network Algorithms
251,"Conformant, Contingent, and Adversarial Planning"
251,Sports
251,Knowledge Representation Languages
252,Machine Learning for Robotics
252,Cyber Security and Privacy
252,Knowledge Acquisition and Representation for Planning
252,Representation Learning
253,Mining Spatial and Temporal Data
253,Knowledge Compilation
253,Game Playing
254,Clustering
254,Transportation
254,Automated Reasoning and Theorem Proving
254,Other Topics in Multiagent Systems
255,Text Mining
255,Semi-Supervised Learning
255,Social Networks
256,Philosophical Foundations of AI
256,Databases
256,"Continual, Online, and Real-Time Planning"
256,"Face, Gesture, and Pose Recognition"
256,Imitation Learning and Inverse Reinforcement Learning
257,Other Topics in Constraints and Satisfiability
257,Evaluation and Analysis in Machine Learning
257,Stochastic Models and Probabilistic Inference
257,Other Topics in Machine Learning
257,Neuro-Symbolic Methods
258,Fairness and Bias
258,Search in Planning and Scheduling
259,Behavioural Game Theory
259,Transportation
259,Cognitive Science
259,Fairness and Bias
259,Explainability (outside Machine Learning)
260,Personalisation and User Modelling
260,Constraint Learning and Acquisition
260,Robot Rights
260,Federated Learning
260,Fairness and Bias
261,Privacy-Aware Machine Learning
261,Reinforcement Learning Algorithms
261,Bioinformatics
261,Satisfiability Modulo Theories
262,Other Topics in Uncertainty in AI
262,Privacy-Aware Machine Learning
262,Description Logics
262,Other Topics in Multiagent Systems
262,Learning Preferences or Rankings
263,Distributed Machine Learning
263,Human-Machine Interaction Techniques and Devices
263,Text Mining
264,NLP Resources and Evaluation
264,Aerospace
265,"Face, Gesture, and Pose Recognition"
265,Other Topics in Natural Language Processing
266,Morality and Value-Based AI
266,Answer Set Programming
266,Non-Probabilistic Models of Uncertainty
266,Explainability in Computer Vision
267,Intelligent Virtual Agents
267,Stochastic Models and Probabilistic Inference
267,Social Networks
267,Philosophy and Ethics
268,Computer Vision Theory
268,Multilingualism and Linguistic Diversity
268,NLP Resources and Evaluation
269,Ontology Induction from Text
269,Efficient Methods for Machine Learning
270,Multiagent Learning
270,Philosophy and Ethics
270,Sequential Decision Making
270,Biometrics
271,Other Topics in Planning and Search
271,Graphical Models
271,Activity and Plan Recognition
271,Explainability (outside Machine Learning)
272,Cognitive Robotics
272,Knowledge Acquisition
272,Causality
273,Behaviour Learning and Control for Robotics
273,Discourse and Pragmatics
273,Knowledge Representation Languages
274,Discourse and Pragmatics
274,Robot Rights
274,Knowledge Graphs and Open Linked Data
274,Bayesian Learning
274,NLP Resources and Evaluation
275,Swarm Intelligence
275,Combinatorial Search and Optimisation
275,Activity and Plan Recognition
276,"Other Topics Related to Fairness, Ethics, or Trust"
276,Software Engineering
277,Stochastic Optimisation
277,Inductive and Co-Inductive Logic Programming
278,Bioinformatics
278,"Continual, Online, and Real-Time Planning"
278,Information Retrieval
278,Internet of Things
279,Evaluation and Analysis in Machine Learning
279,Inductive and Co-Inductive Logic Programming
279,Autonomous Driving
280,Multimodal Learning
280,Search in Planning and Scheduling
280,Kernel Methods
280,Mixed Discrete and Continuous Optimisation
281,Speech and Multimodality
281,Image and Video Generation
281,Human-Aware Planning
282,Behavioural Game Theory
282,Qualitative Reasoning
282,Non-Probabilistic Models of Uncertainty
283,Artificial Life
283,Speech and Multimodality
283,Philosophy and Ethics
283,Scheduling
283,Economic Paradigms
284,"Segmentation, Grouping, and Shape Analysis"
284,Reinforcement Learning Theory
284,Human-Computer Interaction
284,Non-Monotonic Reasoning
284,Optimisation for Robotics
285,Adversarial Learning and Robustness
285,"Model Adaptation, Compression, and Distillation"
285,Adversarial Attacks on NLP Systems
285,Clustering
286,Humanities
286,"AI in Law, Justice, Regulation, and Governance"
286,Clustering
287,Preferences
287,Blockchain Technology
287,Stochastic Optimisation
287,Multi-Robot Systems
288,Societal Impacts of AI
288,Entertainment
289,Machine Learning for Computer Vision
289,Trust
290,Reasoning about Knowledge and Beliefs
290,Meta-Learning
290,Responsible AI
291,Blockchain Technology
291,Global Constraints
291,Markov Decision Processes
291,Transportation
292,Machine Learning for Robotics
292,Fair Division
292,Clustering
292,"Mining Visual, Multimedia, and Multimodal Data"
292,Syntax and Parsing
293,Mobility
293,Data Compression
294,Bayesian Learning
294,Human-Aware Planning and Behaviour Prediction
294,Marketing
294,Stochastic Models and Probabilistic Inference
295,Decision and Utility Theory
295,Multilingualism and Linguistic Diversity
295,Other Topics in Robotics
295,Solvers and Tools
295,Life Sciences
296,"Graph Mining, Social Network Analysis, and Community Mining"
296,Computer Vision Theory
296,Entertainment
296,Relational Learning
297,Combinatorial Search and Optimisation
297,Explainability and Interpretability in Machine Learning
297,Distributed CSP and Optimisation
297,Social Sciences
298,Marketing
298,Behaviour Learning and Control for Robotics
299,Reinforcement Learning Theory
299,Logic Foundations
299,Non-Monotonic Reasoning
299,Other Topics in Humans and AI
300,Evaluation and Analysis in Machine Learning
300,Deep Generative Models and Auto-Encoders
300,Deep Learning Theory
301,Fairness and Bias
301,Entertainment
301,Cognitive Robotics
301,Image and Video Retrieval
302,Deep Generative Models and Auto-Encoders
302,Human Computation and Crowdsourcing
303,Other Topics in Natural Language Processing
303,Multimodal Perception and Sensor Fusion
303,Social Networks
303,Activity and Plan Recognition
304,Federated Learning
304,Deep Learning Theory
304,Big Data and Scalability
305,Reinforcement Learning Algorithms
305,Automated Reasoning and Theorem Proving
305,Cyber Security and Privacy
305,"Sentiment Analysis, Stylistic Analysis, and Argument Mining"
306,Artificial Life
306,Semantic Web
306,Explainability (outside Machine Learning)
306,Humanities
306,Case-Based Reasoning
307,Transparency
307,Local Search
308,Data Stream Mining
308,Data Compression
309,Optimisation for Robotics
309,Relational Learning
309,Optimisation in Machine Learning
309,Multilingualism and Linguistic Diversity
310,Behaviour Learning and Control for Robotics
310,Internet of Things
310,Deep Reinforcement Learning
311,Knowledge Representation Languages
311,Adversarial Attacks on CV Systems
311,Lifelong and Continual Learning
311,Vision and Language
311,Biometrics
312,News and Media
312,Knowledge Acquisition
312,Multiagent Learning
313,"Other Topics Related to Fairness, Ethics, or Trust"
313,Deep Learning Theory
313,Lifelong and Continual Learning
313,Question Answering
314,NLP Resources and Evaluation
314,User Modelling and Personalisation
314,Logic Foundations
315,Transportation
315,Natural Language Generation
315,Optimisation in Machine Learning
315,Description Logics
316,Cognitive Robotics
316,Explainability (outside Machine Learning)
316,Physical Sciences
316,Spatial and Temporal Models of Uncertainty
316,Federated Learning
317,Solvers and Tools
317,Semi-Supervised Learning
318,Language and Vision
318,Aerospace
318,Entertainment
318,Semantic Web
318,Multi-Instance/Multi-View Learning
319,Mining Semi-Structured Data
319,Optimisation for Robotics
319,Big Data and Scalability
319,AI for Social Good
319,Health and Medicine
320,Multilingualism and Linguistic Diversity
320,Other Topics in Computer Vision
320,Multi-Robot Systems
320,Qualitative Reasoning
320,Mobility
321,Sentence-Level Semantics and Textual Inference
321,Explainability (outside Machine Learning)
321,Machine Ethics
321,Optimisation for Robotics
322,Agent-Based Simulation and Complex Systems
322,Databases
322,Health and Medicine
323,Machine Ethics
323,Randomised Algorithms
323,Decision and Utility Theory
323,Real-Time Systems
324,Multi-Robot Systems
324,Economics and Finance
324,Morality and Value-Based AI
324,Computer Games
324,Dimensionality Reduction/Feature Selection
325,Combinatorial Search and Optimisation
325,Ensemble Methods
325,Satisfiability Modulo Theories
325,Sports
326,"Belief Revision, Update, and Merging"
326,Education
327,"Graph Mining, Social Network Analysis, and Community Mining"
327,Spatial and Temporal Models of Uncertainty
327,Bayesian Learning
327,Life Sciences
328,Education
328,Sports
329,Kernel Methods
329,"Geometric, Spatial, and Temporal Reasoning"
329,"AI in Law, Justice, Regulation, and Governance"
330,Data Compression
330,Approximate Inference
331,Uncertainty Representations
331,Deep Neural Network Architectures
332,Optimisation for Robotics
332,Logic Programming
333,"Constraints, Data Mining, and Machine Learning"
333,Lifelong and Continual Learning
333,Other Topics in Natural Language Processing
333,Deep Neural Network Architectures
334,Cognitive Robotics
334,Unsupervised and Self-Supervised Learning
334,Software Engineering
335,Evaluation and Analysis in Machine Learning
335,Mining Codebase and Software Repositories
335,Human-Robot/Agent Interaction
335,Probabilistic Modelling
336,Combinatorial Search and Optimisation
336,Anomaly/Outlier Detection
337,Privacy in Data Mining
337,Swarm Intelligence
337,Lifelong and Continual Learning
337,Fair Division
338,Philosophy and Ethics
338,Environmental Impacts of AI
338,Neuroscience
339,Marketing
339,Quantum Machine Learning
339,Approximate Inference
339,Evolutionary Learning
339,Summarisation
340,User Modelling and Personalisation
340,"Other Topics Related to Fairness, Ethics, or Trust"
340,Human-Robot Interaction
341,Human Computation and Crowdsourcing
341,Planning and Machine Learning
342,Causal Learning
342,Active Learning
342,Machine Learning for NLP
342,Bioinformatics
343,Deep Neural Network Algorithms
343,Rule Mining and Pattern Mining
343,Mining Spatial and Temporal Data
343,"Communication, Coordination, and Collaboration"
343,Other Topics in Machine Learning
344,Global Constraints
344,Description Logics
344,Human-Aware Planning and Behaviour Prediction
345,Classical Planning
345,Human Computation and Crowdsourcing
345,Time-Series and Data Streams
346,Description Logics
346,Global Constraints
346,Clustering
346,Computational Social Choice
346,Probabilistic Programming
347,Distributed Problem Solving
347,Time-Series and Data Streams
347,Distributed CSP and Optimisation
347,Web Search
348,Active Learning
348,Computer Vision Theory
348,Ontology Induction from Text
348,Blockchain Technology
349,"Belief Revision, Update, and Merging"
349,Bioinformatics
349,Game Playing
349,Learning Human Values and Preferences
349,Accountability
350,Machine Ethics
350,AI for Social Good
351,Satisfiability
351,Other Topics in Humans and AI
351,News and Media
352,Causal Learning
352,Scalability of Machine Learning Systems
352,Time-Series and Data Streams
352,Human-Computer Interaction
352,Human-Aware Planning
353,"Energy, Environment, and Sustainability"
353,Cognitive Science
354,Multimodal Perception and Sensor Fusion
354,Quantum Computing
355,Data Compression
355,Human-Computer Interaction
355,Game Playing
355,Fuzzy Sets and Systems
355,Learning Human Values and Preferences
356,Machine Translation
356,Physical Sciences
356,Responsible AI
357,Automated Reasoning and Theorem Proving
357,Cognitive Science
357,Bayesian Learning
357,AI for Social Good
358,Anomaly/Outlier Detection
358,"Understanding People: Theories, Concepts, and Methods"
359,Robot Rights
359,Dimensionality Reduction/Feature Selection
359,Privacy and Security
359,Stochastic Models and Probabilistic Inference
360,User Modelling and Personalisation
360,Probabilistic Modelling
360,Semi-Supervised Learning
361,Privacy and Security
361,Discourse and Pragmatics
362,Autonomous Driving
362,Language and Vision
362,3D Computer Vision
362,Sports
363,Kernel Methods
363,Semi-Supervised Learning
364,Mining Spatial and Temporal Data
364,Semantic Web
364,"Coordination, Organisations, Institutions, and Norms"
365,Answer Set Programming
365,Stochastic Models and Probabilistic Inference
366,Game Playing
366,Approximate Inference
366,Marketing
366,Health and Medicine
366,Commonsense Reasoning
367,Knowledge Acquisition
367,Smart Cities and Urban Planning
367,Mixed Discrete/Continuous Planning
367,Human-Robot Interaction
367,Partially Observable and Unobservable Domains
368,Rule Mining and Pattern Mining
368,Mining Codebase and Software Repositories
368,Human-Aware Planning and Behaviour Prediction
368,Clustering
369,Reinforcement Learning Algorithms
369,Search and Machine Learning
369,Deep Learning Theory
369,Intelligent Database Systems
370,Constraint Programming
370,Deep Neural Network Algorithms
370,"Segmentation, Grouping, and Shape Analysis"
370,Syntax and Parsing
371,Deep Neural Network Architectures
371,Responsible AI
371,Machine Learning for Robotics
371,Probabilistic Modelling
372,Abductive Reasoning and Diagnosis
372,Reinforcement Learning Algorithms
372,Algorithmic Game Theory
373,Activity and Plan Recognition
373,Multi-Instance/Multi-View Learning
374,Engineering Multiagent Systems
374,Speech and Multimodality
374,Description Logics
374,Other Topics in Computer Vision
375,Discourse and Pragmatics
375,Uncertainty Representations
375,Deep Neural Network Architectures
375,Learning Human Values and Preferences
375,Health and Medicine
376,Mining Heterogeneous Data
376,Randomised Algorithms
376,Accountability
377,Social Networks
377,Multiagent Planning
378,3D Computer Vision
378,"Energy, Environment, and Sustainability"
378,Combinatorial Search and Optimisation
378,Human-Aware Planning
379,"Understanding People: Theories, Concepts, and Methods"
379,Planning and Machine Learning
379,Knowledge Acquisition
379,Relational Learning
379,Question Answering
380,Transportation
380,Mining Heterogeneous Data
380,Web and Network Science
380,Bioinformatics
381,Answer Set Programming
381,Behavioural Game Theory
381,Explainability and Interpretability in Machine Learning
381,Other Topics in Constraints and Satisfiability
382,Scalability of Machine Learning Systems
382,Engineering Multiagent Systems
382,Time-Series and Data Streams
383,Learning Human Values and Preferences
383,Marketing
383,Reasoning about Knowledge and Beliefs
384,"Continual, Online, and Real-Time Planning"
384,Voting Theory
385,Other Topics in Computer Vision
385,"Graph Mining, Social Network Analysis, and Community Mining"
385,Behavioural Game Theory
385,Learning Preferences or Rankings
385,Reasoning about Action and Change
386,Medical and Biological Imaging
386,Learning Preferences or Rankings
386,Scalability of Machine Learning Systems
386,Knowledge Compilation
387,Representation Learning for Computer Vision
387,Anomaly/Outlier Detection
387,Probabilistic Modelling
388,Economics and Finance
388,Genetic Algorithms
388,Neuroscience
388,"Transfer, Domain Adaptation, and Multi-Task Learning"
389,Safety and Robustness
389,Heuristic Search
390,Planning and Decision Support for Human-Machine Teams
390,Philosophical Foundations of AI
390,Information Retrieval
390,Privacy-Aware Machine Learning
390,Autonomous Driving
391,Graph-Based Machine Learning
391,"Understanding People: Theories, Concepts, and Methods"
391,Engineering Multiagent Systems
392,Adversarial Attacks on CV Systems
392,Sentence-Level Semantics and Textual Inference
392,Other Topics in Natural Language Processing
393,"Mining Visual, Multimedia, and Multimodal Data"
393,Representation Learning
393,Quantum Computing
394,Agent-Based Simulation and Complex Systems
394,Social Sciences
394,Multimodal Learning
394,"Linguistic Theories, Cognitive Modelling, and Psycholinguistics"
394,Online Learning and Bandits
395,Uncertainty Representations
395,Privacy in Data Mining
395,Engineering Multiagent Systems
396,Health and Medicine
396,Philosophical Foundations of AI
397,Evaluation and Analysis in Machine Learning
397,Reasoning about Knowledge and Beliefs
397,Engineering Multiagent Systems
397,Automated Learning and Hyperparameter Tuning
398,Aerospace
398,Humanities
398,"Energy, Environment, and Sustainability"
398,Adversarial Attacks on CV Systems
399,News and Media
399,Genetic Algorithms
399,Mining Spatial and Temporal Data
399,Intelligent Virtual Agents
400,Environmental Impacts of AI
400,Mixed Discrete and Continuous Optimisation
400,Hardware
400,Unsupervised and Self-Supervised Learning
400,Data Visualisation and Summarisation
401,"Sentiment Analysis, Stylistic Analysis, and Argument Mining"
401,"Transfer, Domain Adaptation, and Multi-Task Learning"
401,Human-in-the-loop Systems
401,Information Retrieval
401,Human-Aware Planning and Behaviour Prediction
402,Interpretability and Analysis of NLP Models
402,Scalability of Machine Learning Systems
402,Computer-Aided Education
402,"Continual, Online, and Real-Time Planning"
402,Constraint Satisfaction
403,Approximate Inference
403,Active Learning
403,Life Sciences
403,Logic Programming
404,Computer Games
404,Fairness and Bias
404,Local Search
404,Video Understanding and Activity Analysis
405,Adversarial Attacks on CV Systems
405,Description Logics
405,Language Grounding
405,"Other Topics Related to Fairness, Ethics, or Trust"
406,Conversational AI and Dialogue Systems
406,Human-Robot Interaction
407,Intelligent Database Systems
407,Robot Manipulation
407,Fair Division
407,Automated Learning and Hyperparameter Tuning
407,Lifelong and Continual Learning
408,Accountability
408,Qualitative Reasoning
409,Entertainment
409,AI for Social Good
409,Knowledge Acquisition and Representation for Planning
409,Human-Aware Planning
409,Anomaly/Outlier Detection
410,Representation Learning for Computer Vision
410,Explainability (outside Machine Learning)
410,Graph-Based Machine Learning
410,Other Topics in Multiagent Systems
410,Active Learning
411,Relational Learning
411,Causal Learning
411,"Human-Computer Teamwork, Team Formation, and Collaboration"
411,Medical and Biological Imaging
412,Logic Programming
412,Knowledge Representation Languages
412,Databases
412,Neuro-Symbolic Methods
412,Abductive Reasoning and Diagnosis
413,Dimensionality Reduction/Feature Selection
413,Other Topics in Planning and Search
413,Hardware
413,Machine Learning for NLP
413,Privacy in Data Mining
414,Global Constraints
414,Imitation Learning and Inverse Reinforcement Learning
414,Behavioural Game Theory
415,Engineering Multiagent Systems
415,Other Topics in Constraints and Satisfiability
415,Causal Learning
415,Constraint Optimisation
415,Interpretability and Analysis of NLP Models
416,Swarm Intelligence
416,Non-Probabilistic Models of Uncertainty
416,Commonsense Reasoning
417,Representation Learning for Computer Vision
417,"AI in Law, Justice, Regulation, and Governance"
417,Web and Network Science
418,Other Topics in Planning and Search
418,Constraint Satisfaction
418,Mining Codebase and Software Repositories
419,Other Topics in Humans and AI
419,Conversational AI and Dialogue Systems
419,Philosophy and Ethics
419,Reasoning about Action and Change
419,"Continual, Online, and Real-Time Planning"
420,Quantum Computing
420,Agent Theories and Models
421,Environmental Impacts of AI
421,Markov Decision Processes
421,Bioinformatics
421,AI for Social Good
422,Logic Programming
422,Mobility
422,Motion and Tracking
422,Adversarial Search
423,Automated Reasoning and Theorem Proving
423,Medical and Biological Imaging
423,Semantic Web
424,Environmental Impacts of AI
424,Case-Based Reasoning
425,Cognitive Robotics
425,Deep Neural Network Architectures
426,Digital Democracy
426,"Graph Mining, Social Network Analysis, and Community Mining"
426,Neuroscience
426,"Mining Visual, Multimedia, and Multimodal Data"
426,Web and Network Science
427,Planning and Decision Support for Human-Machine Teams
427,Recommender Systems
427,Routing
427,Discourse and Pragmatics
427,Automated Reasoning and Theorem Proving
428,Human-Robot Interaction
428,Health and Medicine
428,Robot Manipulation
429,Partially Observable and Unobservable Domains
429,Other Topics in Planning and Search
429,Conversational AI and Dialogue Systems
429,Mining Codebase and Software Repositories
430,Global Constraints
430,Knowledge Representation Languages
431,Safety and Robustness
431,Approximate Inference
431,Autonomous Driving
431,Cyber Security and Privacy
432,Stochastic Models and Probabilistic Inference
432,Decision and Utility Theory
432,Knowledge Graphs and Open Linked Data
432,Abductive Reasoning and Diagnosis
432,Verification
433,Unsupervised and Self-Supervised Learning
433,Dimensionality Reduction/Feature Selection
433,Education
434,"Transfer, Domain Adaptation, and Multi-Task Learning"
434,Search in Planning and Scheduling
434,Satisfiability
434,Explainability (outside Machine Learning)
434,Discourse and Pragmatics
435,Partially Observable and Unobservable Domains
435,Reasoning about Knowledge and Beliefs
435,Stochastic Models and Probabilistic Inference
436,Multilingualism and Linguistic Diversity
436,Privacy-Aware Machine Learning
436,Multiagent Learning
436,"Belief Revision, Update, and Merging"
436,Genetic Algorithms
437,Privacy in Data Mining
437,Biometrics
437,"AI in Law, Justice, Regulation, and Governance"
438,Multimodal Learning
438,Mixed Discrete and Continuous Optimisation
438,Adversarial Attacks on CV Systems
438,Relational Learning
439,Anomaly/Outlier Detection
439,Marketing
439,Global Constraints
440,Big Data and Scalability
440,Non-Monotonic Reasoning
440,Deep Neural Network Architectures
440,Bayesian Learning
441,Other Topics in Knowledge Representation and Reasoning
441,Information Retrieval
442,Mining Heterogeneous Data
442,Mining Codebase and Software Repositories
442,News and Media
443,Machine Ethics
443,Learning Preferences or Rankings
444,Causal Learning
444,Cognitive Modelling
444,Verification
444,Inductive and Co-Inductive Logic Programming
445,Syntax and Parsing
445,Algorithmic Game Theory
445,Stochastic Models and Probabilistic Inference
445,Text Mining
446,Graphical Models
446,Qualitative Reasoning
446,Efficient Methods for Machine Learning
446,"AI in Law, Justice, Regulation, and Governance"
446,Causal Learning
447,"Belief Revision, Update, and Merging"
447,Learning Theory
447,"Phonology, Morphology, and Word Segmentation"
448,Game Playing
448,Evaluation and Analysis in Machine Learning
448,Deep Generative Models and Auto-Encoders
449,Constraint Learning and Acquisition
449,Heuristic Search
450,"Plan Execution, Monitoring, and Repair"
450,Arts and Creativity
451,Kernel Methods
451,Health and Medicine
451,Question Answering
452,Activity and Plan Recognition
452,NLP Resources and Evaluation
452,Robot Rights
452,Unsupervised and Self-Supervised Learning
453,News and Media
453,Causal Learning
453,Machine Learning for Computer Vision
453,"Constraints, Data Mining, and Machine Learning"
453,Mining Spatial and Temporal Data
454,Mixed Discrete and Continuous Optimisation
454,Medical and Biological Imaging
454,Fair Division
454,Clustering
454,"Constraints, Data Mining, and Machine Learning"
455,Probabilistic Programming
455,Cyber Security and Privacy
455,Adversarial Search
455,Biometrics
455,Human-Machine Interaction Techniques and Devices
456,Data Stream Mining
456,Non-Monotonic Reasoning
456,Cyber Security and Privacy
457,Machine Learning for NLP
457,Planning and Machine Learning
457,Interpretability and Analysis of NLP Models
457,Marketing
458,Other Topics in Planning and Search
458,Mixed Discrete and Continuous Optimisation
458,Mining Spatial and Temporal Data
458,Reinforcement Learning Theory
459,NLP Resources and Evaluation
459,Optimisation for Robotics
459,Meta-Learning
459,User Modelling and Personalisation
459,Multi-Class/Multi-Label Learning and Extreme Classification
460,"Continual, Online, and Real-Time Planning"
460,Intelligent Virtual Agents
460,Combinatorial Search and Optimisation
460,Mobility
461,Learning Theory
461,Consciousness and Philosophy of Mind
461,Deep Learning Theory
461,Case-Based Reasoning
461,Multi-Instance/Multi-View Learning
462,Machine Translation
462,Social Sciences
462,Smart Cities and Urban Planning
463,Genetic Algorithms
463,Semi-Supervised Learning
463,News and Media
463,"Other Topics Related to Fairness, Ethics, or Trust"
464,Constraint Learning and Acquisition
464,Rule Mining and Pattern Mining
464,Life Sciences
465,Medical and Biological Imaging
465,Ontology Induction from Text
465,Health and Medicine
465,Multimodal Learning
465,Multi-Instance/Multi-View Learning
466,Clustering
466,Scene Analysis and Understanding
466,Discourse and Pragmatics
466,Answer Set Programming
467,Graph-Based Machine Learning
467,Humanities
468,Spatial and Temporal Models of Uncertainty
468,Other Topics in Uncertainty in AI
468,Human-Computer Interaction
468,Scene Analysis and Understanding
468,"Graph Mining, Social Network Analysis, and Community Mining"
469,Causality
469,Cognitive Robotics
470,Randomised Algorithms
470,Swarm Intelligence
471,Interpretability and Analysis of NLP Models
471,Automated Learning and Hyperparameter Tuning
471,Hardware
472,Human-Robot/Agent Interaction
472,"Continual, Online, and Real-Time Planning"
473,Mining Heterogeneous Data
473,Voting Theory
474,Global Constraints
474,News and Media
474,Search and Machine Learning
474,Mobility
474,Causal Learning
475,Personalisation and User Modelling
475,Agent Theories and Models
475,"Plan Execution, Monitoring, and Repair"
476,Recommender Systems
476,Motion and Tracking
476,Reinforcement Learning with Human Feedback
476,Approximate Inference
477,Information Retrieval
477,"Mining Visual, Multimedia, and Multimodal Data"
478,Discourse and Pragmatics
478,Aerospace
478,"Belief Revision, Update, and Merging"
478,Argumentation
478,Speech and Multimodality
479,Argumentation
479,Other Topics in Constraints and Satisfiability
479,Explainability (outside Machine Learning)
479,Mining Heterogeneous Data
480,Information Extraction
480,Knowledge Representation Languages
480,Fuzzy Sets and Systems
480,"Segmentation, Grouping, and Shape Analysis"
480,Accountability
481,Multimodal Perception and Sensor Fusion
481,Societal Impacts of AI
482,Mechanism Design
482,Adversarial Learning and Robustness
482,Consciousness and Philosophy of Mind
482,Constraint Optimisation
483,"Mining Visual, Multimedia, and Multimodal Data"
483,Object Detection and Categorisation
483,Fuzzy Sets and Systems
483,"Constraints, Data Mining, and Machine Learning"
483,Marketing
484,Mixed Discrete/Continuous Planning
484,Human-Aware Planning and Behaviour Prediction
484,Text Mining
485,Societal Impacts of AI
485,Humanities
485,Mixed Discrete and Continuous Optimisation
485,Deep Reinforcement Learning
486,Local Search
486,Video Understanding and Activity Analysis
487,Online Learning and Bandits
487,Uncertainty Representations
487,Human-Aware Planning and Behaviour Prediction
488,Other Topics in Planning and Search
488,"Linguistic Theories, Cognitive Modelling, and Psycholinguistics"
488,Human-Aware Planning and Behaviour Prediction
489,Online Learning and Bandits
489,Artificial Life
489,Kernel Methods
489,Environmental Impacts of AI
489,Logic Foundations
490,Humanities
490,Transportation
490,Approximate Inference
490,Probabilistic Modelling
491,Algorithmic Game Theory
491,Databases
491,Engineering Multiagent Systems
491,Agent Theories and Models
491,Answer Set Programming
492,Adversarial Search
492,Artificial Life
492,Human-Robot Interaction
492,Multiagent Learning
492,Other Topics in Computer Vision
493,"Understanding People: Theories, Concepts, and Methods"
493,"AI in Law, Justice, Regulation, and Governance"
493,Other Topics in Data Mining
493,Distributed Problem Solving
493,Data Visualisation and Summarisation
494,Ontology Induction from Text
494,Partially Observable and Unobservable Domains
494,Adversarial Search
494,Neuro-Symbolic Methods
495,Planning and Machine Learning
495,Commonsense Reasoning
495,Lifelong and Continual Learning
495,Dynamic Programming
495,Optimisation for Robotics
496,Economic Paradigms
496,Kernel Methods
496,Databases
496,Dynamic Programming
496,Human-Robot Interaction
497,Uncertainty Representations
497,Description Logics
497,"Segmentation, Grouping, and Shape Analysis"
497,Intelligent Virtual Agents
498,"AI in Law, Justice, Regulation, and Governance"
498,Knowledge Acquisition and Representation for Planning
498,Other Topics in Natural Language Processing
498,Graphical Models
499,Visual Reasoning and Symbolic Representation
499,Mining Heterogeneous Data
499,Explainability and Interpretability in Machine Learning
499,Robot Manipulation
499,Mining Codebase and Software Repositories
500,Answer Set Programming
500,Neuroscience
500,Scheduling
500,Agent-Based Simulation and Complex Systems
500,Abductive Reasoning and Diagnosis
501,Mining Heterogeneous Data
501,Approximate Inference
501,Probabilistic Modelling
501,Adversarial Learning and Robustness
501,News and Media
